thickness_nm,thickness_um,alpha_L,absorbed_fraction,J_OWS_mA_cm2,U_H_V_vs_RHE,U_O_V_vs_RHE,contact_separation_V,eta_H_V,eta_O_V,Jgen_mA_cm2,utilization_percent,SRH_mA_cm2,counterflow_mA_cm2,band_bending_H_V,band_bending_O_V,QFL_center_split_V,BVP_residual,current_budget_residual_A_m2,status
10.0,0.01,0.01,0.009950166250831893,0.028794257327369843,-0.1460129000028129,1.5273722352606427,1.6733851352634557,-0.1460129000028129,0.2983722352606426,0.02929252862420507,98.29898161668605,6.882371227764902e-09,0.0004982644144635759,-0.07422122022989963,0.07577877977010017,2.039715713726107,6.890633925776024e-10,4.218847493575595e-15,ok
12.589254117941675,0.012589254117941675,0.012589254117941675,0.01251034095804815,0.03610488654227827,-0.15581385844027432,1.5313026393834008,1.6871164978236752,-0.15581385844027432,0.30230263938340074,0.036829487203950226,98.0325529441685,1.181863926428991e-08,0.0007245888430319125,-0.07378399515234213,0.07621600484765789,2.0539764563179475,7.520604332915327e-10,7.771561172376096e-15,ok
15.848931924611133,0.015848931924611134,0.015848931924611134,0.015723998494309055,0.045222526794838486,-0.16557586919205863,1.5352141929903416,1.7007900621824001,-0.16557586919205863,0.30621419299034147,0.04629024926523183,97.69341818775796,2.0520734751060075e-08,0.0010677019496571514,-0.07309104009875711,0.07690895990124291,2.0687409203493115,8.159290285138318e-10,1.4377388168895777e-14,ok
19.952623149688797,0.019952623149688795,0.019952623149688795,0.0197548868673465,0.05656091433713145,-0.17528054533915552,1.539100656857836,1.7143812021969915,-0.17528054533915552,0.31010065685783594,0.05815687642217032,97.25576374932258,3.607293226527051e-08,0.001595926012103937,-0.07199278034226408,0.07800721965773594,2.0841059282863865,8.792671336983421e-10,2.6756374893466273e-14,ok
25.118864315095795,0.025118864315095794,0.025118864315095794,0.02480601062669674,0.0706007028799723,-0.18490190304824752,1.542952360991294,1.7278542640395416,-0.18490190304824752,0.313952360991294,0.07302699854629051,96.6775360967626,6.43580332220848e-08,0.0024262313082799632,-0.07025215591351774,0.07974784408648228,2.100222732299951,9.397304540725627e-10,5.0182080713057076e-14,ok
31.622776601683793,0.03162277660168379,0.03162277660168379,0.031128005659924574,0.08786742306855719,-0.19439829097903283,1.5467531155927468,1.7411514065717797,-0.19439829097903283,0.31775311559274666,0.09163846852624447,95.88486634670538,1.1704202078852837e-07,0.0037709284156570893,-0.06749345208311797,0.08250654791688206,2.1173388478374155,9.93227211904023e-10,9.403589018575076e-14,ok
39.81071705534973,0.03981071705534973,0.03981071705534973,0.0390286825807612,0.10885220147753567,-0.20369536183209827,1.5504734886735807,1.754168850505679,-0.20369536183209827,0.3214734886735806,0.1148974572727746,94.73856433490337,2.1846932835858456e-07,0.006045037325893033,-0.06312120117375664,0.08687879882624339,2.1358658913553725,1.0326960691410255e-09,1.7541523789077473e-13,ok
50.118723362727245,0.05011872336272724,0.05011872336272724,0.04888350195165114,0.1337792926840757,-0.21264780614383189,1.554055555817092,1.766703361960924,-0.21264780614383189,0.325055555817092,0.14390929197292643,92.96084418874322,4.2238987484521477e-07,0.010129576898944162,-0.056191650752768774,0.09380834924723125,2.1564836117818467,1.0453883183708738e-09,3.170796958329447e-13,ok
63.09573444801932,0.06309573444801932,0.06309573444801932,0.0611464112434309,0.16198254769488102,-0.2209538382634255,1.5573787290142727,1.7783325672776982,-0.2209538382634255,0.32837872901427256,0.18001035927071724,89.98512549562538,8.51410592338914e-07,0.018026960165191445,-0.045209055267452336,0.10479094473254769,2.1802785919996674,2.150165642026921e-09,5.242473122279989e-13,ok
79.43282347242814,0.07943282347242814,0.07943282347242814,0.07635993518311501,0.19055303560773235,-0.22800734033842157,1.5602006348679933,1.7882079752064148,-0.22800734033842157,0.3312006348679932,0.2247978104794815,84.76641084772717,1.7594856982309963e-06,0.03424301538598778,-0.027802825164864542,0.12219717483513548,2.208888920467346,5.104617036698801e-09,6.31272811801864e-13,ok
100.0,0.09999999999999999,0.09999999999999999,0.09516258196404037,0.2137487594490136,-0.23299537358008546,1.5621961441183438,1.7951915176984292,-0.23299537358008546,0.33319614411834375,0.28015136489823556,76.29759702461467,3.410383655907031e-06,0.06639919506558054,-0.00021588653800574953,0.14978411346199427,2.244840287668041,1.213240433755846e-08,-1.4477308241112041e-13,ok
125.89254117941675,0.12589254117941676,0.12589254117941676,0.11829041083457881,0.23158032255668645,-0.2364747252414726,1.5635880661799564,1.8000627914214289,-0.2364747252414726,0.3345880661799563,0.34823792467298537,66.50060379671547,5.392797549588372e-06,0.1166522093191257,0.043505576800714096,0.19350557680071412,2.293664104104262,2.8825492507462488e-08,-3.763656053479281e-12,ok
158.4893192461114,0.15848931924611137,0.15848931924611137,0.14656792095974813,0.2577047803608151,-0.24111627133180796,1.5654448989873126,1.8065611703191207,-0.24111627133180796,0.33644489898731256,0.4314847523019728,59.725118671276135,7.168246475611507e-06,0.17377280369617845,0.11277457580353256,0.2627745758035326,2.36750901453991,7.308598322958141e-08,-1.496314183668801e-11,ok
199.526231496888,0.19952623149688797,0.19952623149688797,0.1808812661794098,0.2981403154177732,-0.24744547220393515,1.567976828263444,1.8154223004673793,-0.24744547220393515,0.338976828263444,0.5325006169318864,55.98872676158967,9.157685092464552e-06,0.2343511438336408,0.21979581539976656,0.36979581539976636,2.480526679202212,1.938596825578589e-07,-4.6199488679121714e-11,ok
251.18864315095806,0.25118864315095807,0.25118864315095807,0.22212438319015504,0.3546947609033931,-0.25498827113641426,1.5709941909471175,1.8259824620835317,-0.25498827113641426,0.34199419094711736,0.6539171998445276,54.24154021147076,1.5045950118218262e-05,0.29920739300147015,0.29612800143678797,0.446128001436788,2.5733752634715943,2.924802584002557e-07,-1.0453904408791459e-10,ok
316.2277660168379,0.31622776601683794,0.31622776601683794,0.2711065858899754,0.42546342705027734,-0.26288850464482794,1.5741544893582384,1.8370429940030664,-0.26288850464482794,0.34515448935823834,0.7981170592731219,53.30839907591555,3.390860477193561e-05,0.37261972363791773,0.30905394728788405,0.45905394728788407,2.613130765375969,2.9605851053330064e-07,-1.9845103338411718e-10,ok
398.10717055349727,0.3981071705534973,0.3981071705534973,0.3284099508721994,0.5083948032653243,-0.27062198666084974,1.5772480441045211,1.8478700307653708,-0.27062198666084974,0.34824804410452104,0.9668137842011832,52.58456298131688,8.790530331890506e-05,0.4583310756695952,0.30805890906940536,0.4580589090694054,2.6398281546256532,2.983703367836543e-07,-3.7055158941257105e-10,ok
501.1872336272724,0.5011872336272724,0.5011872336272724,0.3941890065919983,0.6034663448419351,-0.27806686396667435,1.5802261221848903,1.8582929861515647,-0.27806686396667435,0.35122612218489024,1.1604622945850473,52.00223632063115,0.00023341378019811973,0.5567625360316268,0.30400325869420386,0.4540032586942039,2.6607450510591035,2.9811310276750756e-07,-6.871276880815458e-10,ok
630.9573444801932,0.6309573444801931,0.6309573444801931,0.46791782882941413,0.7098198330305678,-0.2851161227899542,1.5830459251911084,1.8681620479810626,-0.2851161227899542,0.35404592519110833,1.3775143097348306,51.52903516241563,0.0005903547025400131,0.6671041221280563,0.2996669093856632,0.4496669093856632,2.6781574681921505,2.999790544942083e-07,-1.2633369905756808e-09,ok
794.3282347242816,0.7943282347242817,0.7943282347242817,0.5481153065695885,0.8251602586593016,-0.2916549467040317,1.5856615321332164,1.877316478837248,-0.2916549467040317,0.3566615321332163,1.6136095520727871,51.13754176772995,0.001392977937505158,0.7870563157057451,0.2956164783113887,0.4456164783113885,2.6931824338960904,2.9867277123527765e-07,-2.297646517490648e-09,ok
1000.0,1.0,1.0,0.6321205588285577,0.9453855415407645,-0.29756186293097203,1.5880243582416753,1.8855862211726473,-0.29756186293097203,0.3590243582416752,1.8609145914407157,50.8021994071662,0.003071624852798249,0.9124574254594975,0.29197254641360637,0.4419725464136064,2.7064336362282244,2.9891780125305135e-07,-4.123446473158765e-09,ok
1258.9254117941673,1.2589254117941673,1.2589254117941673,0.7160409983968387,1.0644566216558666,-0.30271365108910064,1.590085118716963,1.8927987698060635,-0.30271365108910064,0.3610851187169628,2.1079699487322814,50.496764543347666,0.006373769857704159,1.037139557947103,0.28880474400362277,0.4388047440036228,2.718259915469863,2.986439778359761e-07,-7.283924574608136e-09,ok
1584.8931924611138,1.5848931924611138,1.5848931924611138,0.7950303157447712,1.1747268295108255,-0.306994459615099,1.5917974755071251,1.8987919351222242,-0.306994459615099,0.36279747550712504,2.340508459254885,50.19109522401841,0.01252887185579837,1.15325275915183,0.28617623213137666,0.43617623213137646,2.7288648949942447,2.998478046071911e-07,-1.2635686275075386e-08,ok
1995.262314968881,1.9952623149688808,1.9952623149688808,0.8640220195715287,1.2679121371225983,-0.31030962796788003,1.5931235663663157,1.9034331943341958,-0.31030962796788003,0.3641235663663156,2.5436147600173484,49.84686191685531,0.02345562889824363,1.252246996145247,0.2841385716609268,0.43413857166092684,2.7383744462981587,2.974889151337693e-07,-2.148740385621295e-08,ok
2511.886431509582,2.5118864315095824,2.5118864315095824,0.9188849232156779,1.3366515251480409,-0.3126024939438677,1.5940407279308386,1.9066432218747063,-0.3126024939438677,0.3650407279308385,2.7051269533707893,49.411785405578605,0.04200926407275869,1.3264661677287317,0.2827216878891098,0.4327216878891098,2.7468786871241573,2.9723566090446947e-07,-3.578742102661181e-08,ok
3162.277660168379,3.162277660168379,3.162277660168379,0.957670780376795,1.376169332046412,-0.31386784161832926,1.5945468750151215,1.9084147166334509,-0.31386784161832926,0.3655468750151214,2.8193095511752597,48.812282123214914,0.0722782856664044,1.3708619393021033,0.28192575279754595,0.43192575279754597,2.7544576917711376,2.99742413267801e-07,-5.839659600326286e-08,ok
3981.0717055349733,3.981071705534973,3.981071705534973,0.9813343754384811,1.3851291073381664,-0.31414967527426424,1.594659610228177,1.9088092855024412,-0.31414967527426424,0.36565961022817683,2.8889733656505294,47.94537477593767,0.11994455536419961,1.3838997122995225,0.28172236736929923,0.43172236736929925,2.7611897629928057,2.9952065128143173e-07,-9.351359331333242e-08,ok
5011.872336272724,5.011872336272724,5.011872336272724,0.993341575182368,1.364872886639092,-0.31350988034060445,1.5944036882617483,1.9079135686023527,-0.31350988034060445,0.3654036882617482,2.9243216435916084,46.67314519352171,0.1926230643111597,1.3668257073739623,0.28207299041871137,0.4320729904187114,2.7671372697450067,2.997510104276368e-07,-1.4732605890799277e-07,ok
6309.573444801936,6.309573444801935,6.309573444801935,0.9981811911038428,1.3172881782241066,-0.3119687638222968,1.59378723177364,1.9057559955959367,-0.3119687638222968,0.3647872317736398,2.9385691028135197,44.8275378980496,0.2997580564981709,1.3215228909835377,0.2829640139599996,0.4329640139599996,2.7723120899702596,2.9997922945382567e-07,-2.2892295525878126e-07,ok
7943.28234724282,7.94328234724282,7.94328234724282,0.9996449607982933,1.2430337400231102,-0.3094490185524645,1.5927793166792568,1.9022283352317213,-0.3094490185524645,0.36377931667925667,2.9428783288699534,42.2387065013465,0.4511440034626012,1.2487006205408617,0.28443981099674354,0.43443981099674356,2.7766401809605203,2.99007626568964e-07,-3.515661965991512e-07,ok
10000.0,10.0,10.0,0.9999546000702375,1.1421629305933236,-0.3057735998304076,1.5913091224338651,1.8970827222642728,-0.3057735998304076,0.36230912243386504,2.943789883210651,38.7990643322553,0.6531349299046552,1.1484920762215174,0.2866038932079801,0.4366038932079801,2.7799562159724367,2.9999071512125264e-07,-5.350884517696386e-07,ok
