J_OWS_mA_cm2,status,calculation_origin,mean_V_bb_0_V,Delta_V_bb_0_V,architecture,state,faradaic_active,V_cat_HER_V_vs_RHE,V_cat_OER_V_vs_RHE,E_cat_HER_eV,E_cat_OER_eV,Delta_V_cat_V,Delta_E_cat_eV,eta_HER_V,eta_OER_V,J_sem_mA_cm2,J_gen_mA_cm2,J_contact_mA_cm2,signed_opposite_carrier_term_mA_cm2,J_SRH_mA_cm2,E_CB_s_HER_eV,E_CB_s_OER_eV,E_CB_bulk_eV,V_bb_HER_V,V_bb_OER_V,Delta_E_CB_surface_eV,Phi_B_HER_eV,Phi_B_OER_eV,Delta_E_F_center_eV,j_HER_anodic_mA_cm2,j_OER_anodic_mA_cm2,catalyst_balance_HER_A_m2,catalyst_balance_OER_A_m2,integrated_current_balance_A_m2,BVP_rms_max,adaptive_mesh_nodes,initialization,utilization_percent
0.0,analytic_symmetry,symmetry_assignment_no_BVP,0.7,0.0,,,,,,,,,,,,,,,,,,,,,,,,,,,,,,,,,,
0.69939628669033,ok,recomputed_BVP,0.7,0.05,AA,finite_current,True,-0.284473662853565,1.5827889328870615,0.284473662853565,-1.5827889328870615,1.8672625957406264,1.8672625957406264,-0.284473662853565,0.35378893288706137,0.69939628669033,1.8609145914407157,1.1582824870213453,1.1582824870213453,0.0032358176394992424,0.7802120108495785,0.8302120108495785,0.48542609038623813,0.29478592046334035,0.3447859204633404,0.050000000000000044,0.49573834799601346,2.41300094373664,2.707358961564974,-0.6993962866902838,0.699396286690271,4.636291350834654e-13,-5.915268275202834e-13,8.954107108549714e-10,2.989990763118548e-07,1596.0,fresh_parameter_continuation,37.58347050999579
0.9035797984201664,ok,recomputed_BVP,0.7,0.1,AA,finite_current,True,-0.29559766570406504,1.5872386605086708,0.29559766570406504,-1.5872386605086708,1.882836326212736,1.882836326212736,-0.29559766570406504,0.3582386605086707,0.9035797984201664,1.8609145914407157,0.954172941871916,0.954172941871916,0.0031618515051456174,0.7552120108495785,0.8552120108495787,0.4649552231510297,0.29025678769854873,0.39025678769854893,0.1000000000000002,0.4596143451455134,2.4424506713582494,2.70695022246368,-0.9035797984201647,0.9035797984201791,1.7763568394002505e-14,1.2612133559741778e-13,-3.5651238489142756e-09,2.997929777714371e-07,1606.0,fresh_parameter_continuation,48.55568345673603
0.9442143752763256,ok,recomputed_BVP,0.7,0.15,AA,finite_current,True,-0.2975080293970013,1.5880028243240325,0.2975080293970013,-1.5880028243240325,1.8855108537210339,1.8855108537210339,-0.2975080293970013,0.3590028243240324,0.9442143752763256,1.8609145914407157,0.913607768811028,0.913607768811028,0.0030924479622103473,0.7302120108495785,0.8802120108495783,0.4439769756570551,0.28623503519252347,0.43623503519252327,0.1499999999999998,0.43270398145257727,2.468214835173611,2.70655153415583,-0.9442143752763252,0.9442143752763321,3.552713678800501e-15,6.572520305780927e-14,-6.08848165287168e-09,2.9996609693652804e-07,1615.0,fresh_parameter_continuation,50.739264425097396
0.9564381886636684,ok,recomputed_BVP,0.7,0.2,AA,finite_current,True,-0.298066646423743,1.5882262763319943,0.298066646423743,-1.5882262763319943,1.8862929227557372,1.8862929227557372,-0.298066646423743,0.3592262763319942,0.9564381886636684,1.8609145914407157,0.9014352458464107,0.9014352458464107,0.0030411578186146054,0.7052120108495785,0.9052120108495785,0.4265824355220859,0.2786295753274926,0.47862957532749256,0.19999999999999996,0.40714536442583554,2.493438287181573,2.706243193571523,-0.9564381886656085,0.956438188663664,-1.9401369399929536e-11,-4.263256414560601e-14,-8.879777819298385e-09,2.9971511961938915e-07,1614.0,fresh_parameter_continuation,51.39613569923143
0.9715066138705384,ok,recomputed_BVP,0.7,0.3,AA,finite_current,True,-0.2987455162033626,1.5884978304622885,0.2987455162033626,-1.5884978304622885,1.887243346665651,1.887243346665651,-0.2987455162033626,0.35949783046228845,0.9715066138705384,1.8609145914407157,0.8863991378737431,0.8863991378737431,0.0030088412937613997,0.6552120108495785,0.9552120108495785,0.40876204541904854,0.24644996543052994,0.5464499654305299,0.30000000000000004,0.3564664946462159,2.543709841311867,2.7060112682200836,-0.9715066138704438,0.9715066138705343,9.450218385609332e-13,-4.085620730620576e-14,-1.5973270709596088e-08,2.98977593862975e-07,1619.0,fresh_parameter_continuation,52.20586792854369
0.0,analytic_symmetry,symmetry_assignment_no_BVP,0.85,0.0,,,,,,,,,,,,,,,,,,,,,,,,,,,,,,,,,,
0.7043735251733276,ok,recomputed_BVP,0.85,0.05,AA,finite_current,True,-0.2847816230166195,1.5829121209622747,0.2847816230166195,-1.5829121209622747,1.8676937439788943,1.8676937439788943,-0.2847816230166195,0.35391212096227465,0.7043735251733276,1.8609145914407157,1.153307414549872,1.153307414549872,0.0032336516115390596,0.9302120108495785,0.9802120108495785,0.63488055645745,0.2953314543921285,0.34533145439212853,0.050000000000000044,0.645430387832959,2.563124131811853,2.7073473029858937,-0.7043735251689708,0.7043735251689565,4.356781602155024e-11,-4.371081274712196e-11,1.0597715760507498e-09,2.9884808828253023e-07,1597.0,fresh_parameter_continuation,37.85093246154857
0.9067850170290328,ok,recomputed_BVP,0.85,0.1,AA,finite_current,True,-0.29575144421824834,1.5873001734235193,0.29575144421824834,-1.5873001734235193,1.8830516176417675,1.8830516176417675,-0.29575144421824834,0.35830017342351916,0.9067850170290328,1.8609145914407157,0.9509758989288086,0.9509758989288086,0.0031536757724823805,0.9052120108495785,1.0052120108495786,0.6127994043590831,0.2924126064904954,0.3924126064904955,0.10000000000000009,0.6094605666313302,2.592512184273098,2.7069050988546453,-0.9067850170281619,0.9067850170281776,8.707701226740028e-12,-8.551381824872806e-12,-2.8960793971299914e-09,2.9998252225384376e-07,1606.0,fresh_parameter_continuation,48.72792234527012
0.945382363879879,ok,recomputed_BVP,0.85,0.15,AA,finite_current,True,-0.2975617169575251,1.5880242998509306,0.2975617169575251,-1.5880242998509306,1.8855860168084557,1.8855860168084557,-0.2975617169575251,0.35902429985093054,0.945382363879879,1.8609145914407157,0.9124605448531053,0.9124605448531053,0.0030716831207014935,0.8802120108495786,1.0302120108495785,0.5882572196635306,0.29195479118604795,0.44195479118604786,0.1499999999999999,0.5826502938920535,2.6182363107005093,2.7064339998414404,-0.9453823638797216,0.9453823638797225,1.573852159708622e-12,-1.5649703755116207e-12,-4.129699887611693e-09,2.9894676719059976e-07,1616.0,fresh_parameter_continuation,50.80202864914752
0.9564371347853273,ok,recomputed_BVP,0.85,0.2,AA,finite_current,True,-0.2980665985708619,1.5882262571903998,0.2980665985708619,-1.5882262571903998,1.8862928557612617,1.8862928557612617,-0.2980665985708619,0.3592262571903997,0.9564371347853273,1.8609145914407157,0.9014827066336334,0.9014827066336334,0.0029947504595260275,0.8552120108495785,1.0552120108495786,0.5633543106523614,0.29185770019721713,0.4918577001972172,0.20000000000000007,0.5571454122787167,2.6434382680399784,2.705974963007608,-0.9564371347872678,0.9564371347853265,-1.9404922113608336e-11,-7.105427357601002e-15,-4.377709392905382e-09,2.9979804990269205e-07,1624.0,fresh_parameter_continuation,51.39607906695255
0.9690910191835002,ok,recomputed_BVP,0.85,0.3,AA,finite_current,True,-0.2986373993927369,1.5884545827548,0.2986373993927369,-1.5884545827548,1.887091982147537,1.887091982147537,-0.2986373993927369,0.3594545827547999,0.9690910191835002,1.8609145914407157,0.8889672079967026,0.8889672079967026,0.002856364718780646,0.8052120108495785,1.1052120108495787,0.513676303758564,0.2915357070910145,0.5915357070910147,0.30000000000000016,0.5065746114568416,2.6936665936043784,2.705105589286022,-0.9690910191835259,0.9690910191836963,-2.575717417130363e-13,1.9610979506978765e-12,-4.582676346037706e-09,2.9807177990712577e-07,1638.0,fresh_parameter_continuation,52.076061074529605
0.0,analytic_symmetry,symmetry_assignment_no_BVP,0.925,0.0,,,,,,,,,,,,,,,,,,,,,,,,,,,,,,,,,,
0.7043874434836299,ok,recomputed_BVP,0.925,0.05,AA,finite_current,True,-0.2847824811396662,1.5829124642226227,0.2847824811396662,-1.5829124642226227,1.8676949453622889,1.8676949453622889,-0.2847824811396662,0.35391246422262257,0.7043874434836299,1.8609145914407157,1.1532934931302532,1.1532934931302532,0.0032336547191388573,1.0052120108495786,1.0552120108495786,0.7098790135040938,0.2953329973454848,0.34533299734548484,0.050000000000000044,0.7204295297099124,2.6381244750722015,2.707347270043747,-0.7043874434836226,0.7043874434836136,7.283063041541027e-14,-1.6342482922482304e-13,1.0769389754972103e-09,2.9885191796392717e-07,1598.0,fresh_parameter_continuation,37.851680390033096
0.9067939177335541,ok,recomputed_BVP,0.925,0.1,AA,finite_current,True,-0.2957518704949887,1.5873003439383906,0.2957518704949887,-1.5873003439383906,1.8830522144333792,1.8830522144333792,-0.2957518704949887,0.3583003439383905,0.9067939177335541,1.8609145914407157,0.9509670128017449,0.9509670128017449,0.003153661194566666,0.9802120108495785,1.080212010849579,0.6877931487006608,0.29241886214891777,0.3924188621489182,0.10000000000000042,0.6844601403545898,2.6675123547879696,2.706904968102547,-0.9067939177335527,0.9067939177335635,1.4210854715202004e-14,9.414691248821327e-14,-2.8914986655026453e-09,2.9945765600490557e-07,1608.0,fresh_parameter_continuation,48.72840064258491
0.9453855415407645,ok,recomputed_BVP,0.925,0.15,AA,finite_current,True,-0.2975618629308485,1.5880243582416258,0.2975618629308485,-1.5880243582416258,1.8855862211724743,1.8855862211724743,-0.2975618629308485,0.3590243582416257,0.9453855415407645,1.8609145914407157,0.9124574254594975,0.9124574254594975,0.003071624852798249,0.9552120108495786,1.1052120108495787,0.6632394644359723,0.29197254641360637,0.4419725464136064,0.15000000000000002,0.6576501479187301,2.6932363690912045,2.7064336362282244,-0.9453855415407644,0.9453855415407657,1.7763568394002505e-15,1.2434497875801753e-14,-4.123445026399386e-09,2.9891780125305135e-07,1617.0,fresh_parameter_continuation,50.8021994071662
0.9564367383197881,ok,recomputed_BVP,0.925,0.2,AA,finite_current,True,-0.2980665805687529,1.58822624998939,0.2980665805687529,-1.58822624998939,1.8862928305581428,1.8862928305581428,-0.2980665805687529,0.3592262499893899,0.9564367383197881,1.8609145914407157,0.901483265769523,0.901483265769523,0.002994587787512419,0.9302120108495786,1.1302120108495788,0.6383064316505506,0.29190557919902804,0.4919055791990282,0.20000000000000018,0.6321454302808257,2.718438260838969,2.705973999500148,-0.9564367383217279,0.9564367383197933,-1.9397816686250735e-11,5.1514348342607263e-14,-4.361077651782175e-09,2.983175364408708e-07,1626.0,fresh_parameter_continuation,51.39605776207693
0.969074193957457,ok,recomputed_BVP,0.925,0.3,AA,finite_current,True,-0.2986366453871957,1.5884542811457172,0.2986366453871957,-1.5884542811457172,1.8870909265329128,1.8870909265329128,-0.2986366453871957,0.3594542811457171,0.969074193957457,1.8609145914407157,0.888985127414197,0.888985127414197,0.0028552705155940206,0.8802120108495786,1.1802120108495786,0.5883357579650023,0.2918762528845763,0.5918762528845763,0.30000000000000004,0.5815753654623829,2.768666291995296,2.705098923313048,-0.9690741939572975,0.9690741939574783,1.595168441781425e-12,2.1316282072803006e-13,-4.465322323704557e-09,2.982633989153582e-07,1638.0,fresh_parameter_continuation,52.07515693706297
0.0,analytic_symmetry,symmetry_assignment_no_BVP,1.0,0.0,,,,,,,,,,,,,,,,,,,,,,,,,,,,,,,,,,
0.7043880438525247,ok,recomputed_BVP,1.0,0.05,AA,finite_current,True,-0.2847825181545707,1.5829124790290645,0.2847825181545707,-1.5829124790290645,1.8676949971836352,1.8676949971836352,-0.2847825181545707,0.3539124790290644,0.7043880438525247,1.8609145914407157,1.1532927261903154,1.1532927261903154,0.003233821261429693,1.0802120108495785,1.1302120108495786,0.7848789279088821,0.2953330829406964,0.3453330829406964,0.050000000000000044,0.7954294926950078,2.713124489878643,2.707347268595332,-0.704388043852531,0.704388043852523,-6.128431095930864e-14,-1.7763568394002505e-14,1.3644588722772077e-09,2.9885212615820806e-07,1600.0,fresh_parameter_continuation,37.851712652066915
0.9067942406165347,ok,recomputed_BVP,1.0,0.1,AA,finite_current,True,-0.2957518859585726,1.5873003501239757,0.2957518859585726,-1.5873003501239757,1.8830522360825483,1.8830522360825483,-0.2957518859585726,0.35830035012397565,0.9067942406165347,1.8609145914407157,0.9509665329867845,0.9509665329867845,0.0031538181229291092,1.0552120108495786,1.1552120108495787,0.7627928087862611,0.2924192020633175,0.3924192020633176,0.10000000000000009,0.759460124891006,2.7425123609735547,2.7069049612114284,-0.9067942406165338,0.9067942406165516,8.881784197001252e-15,1.687538997430238e-13,-2.855325427486566e-09,2.994571483440275e-07,1610.0,fresh_parameter_continuation,48.7284179933533
0.9453856142961223,ok,recomputed_BVP,1.0,0.15,AA,finite_current,True,-0.29756186627303105,1.5880243595785302,0.29756186627303105,-1.5880243595785302,1.8855862258515612,1.8855862258515612,-0.29756186627303105,0.3590243595785301,0.9453856142961223,1.8609145914407157,0.9124572586178148,0.9124572586178148,0.0030717189389301196,1.0302120108495787,1.1802120108495786,0.7382385042986576,0.29197350655092114,0.44197350655092105,0.1499999999999999,0.7326501445765476,2.7682363704281086,2.7064336166940426,-0.945385614296123,0.9453856142961277,-7.105427357601002e-15,5.3290705182007514e-14,-4.121515087551764e-09,2.996955707585765e-07,1621.0,fresh_parameter_continuation,50.80220331682213
0.9564366670217057,ok,recomputed_BVP,1.0,0.2,AA,finite_current,True,-0.2980665773313564,1.5882262486944014,0.2980665773313564,-1.5882262486944014,1.8862928260257579,1.8862928260257579,-0.2980665773313564,0.35922624869440134,0.9564366670217057,1.8609145914407157,0.9014832980285876,0.9014832980285876,0.002994626826435088,1.0052120108495786,1.2052120108495785,0.713303843914226,0.2919081669353526,0.49190816693535255,0.19999999999999996,0.7071454335182221,2.79343825954398,2.7059739475718874,-0.9564366670236456,0.9564366670217078,-1.9399593043090135e-11,2.1316282072803006e-14,-4.360125489821787e-09,2.983232647918654e-07,1629.0,fresh_parameter_continuation,51.39605393073063
0.9690732633695582,ok,recomputed_BVP,1.0,0.3,AA,finite_current,True,-0.298636603683455,1.588454264463841,0.298636603683455,-1.588454264463841,1.887090868147296,1.887090868147296,-0.298636603683455,0.359454264463841,0.9690732633695582,1.8609145914407157,0.8889861090047676,0.8889861090047676,0.0028552195122879503,0.9552120108495785,1.2552120108495786,0.6633172465072579,0.29189476434232065,0.5918947643423207,0.30000000000000004,0.6565754071661235,2.84366627531342,2.705098561652531,-0.9690732633693834,0.9690732633695598,1.7479351299698465e-12,1.5987211554602254e-14,-4.458979369764693e-09,2.9829907806134213e-07,1637.0,fresh_parameter_continuation,52.075106930044754
0.0,analytic_symmetry,symmetry_assignment_no_BVP,1.15,0.0,,,,,,,,,,,,,,,,,,,,,,,,,,,,,,,,,,
0.7043696028821562,ok,recomputed_BVP,1.15,0.05,AA,finite_current,True,-0.28478138118799073,1.5829120242276868,0.28478138118799073,-1.5829120242276868,1.8676934054156775,1.8676934054156775,-0.28478138118799073,0.35391202422768675,0.7043696028821562,1.8609145914407157,1.1532923078290271,1.1532923078290271,0.0032526802368720758,1.2302120108495784,1.2802120108495783,0.9348786623036229,0.2953333485459555,0.3453333485459553,0.04999999999999982,0.9454306296615878,2.863124035077265,2.7073474004327647,-0.7043696028826083,0.7043696028825919,-4.519939977853937e-12,4.356515148629114e-12,4.9266038887330055e-09,2.988529345612687e-07,1604.0,fresh_parameter_continuation,37.850721689319165
0.9067800970583922,ok,recomputed_BVP,1.15,0.1,AA,finite_current,True,-0.2957512085869636,1.5873000791686973,0.2957512085869636,-1.5873000791686973,1.8830512877556609,1.8830512877556609,-0.2957512085869636,0.3583000791686972,0.9067800970583922,1.8609145914407157,0.9509673388487944,0.9509673388487944,0.0031671558083753936,1.2052120108495785,1.3052120108495786,0.9127926050647553,0.29241940578482317,0.39241940578482326,0.10000000000000009,0.9094608022626149,2.892512090018276,2.7069050344189898,-0.90678009705842,0.906780097058431,-2.7711166694643907e-13,3.872457909892546e-13,-2.7484621800688558e-09,2.998093535647259e-07,1605.0,fresh_parameter_continuation,48.72765796072163
0.9453770999743408,ok,recomputed_BVP,1.15,0.15,AA,finite_current,True,-0.297561475146589,1.5880242031242935,0.297561475146589,-1.5880242031242935,1.8855856782708824,1.8855856782708824,-0.297561475146589,0.3590242031242934,0.9453770999743408,1.8609145914407157,0.9124578758971633,0.9124578758971633,0.0030796159811079774,1.1802120108495786,1.3302120108495787,0.8882383405169739,0.2919736703326047,0.4419736703326048,0.15000000000000013,0.8826505357029897,2.9182362139738722,2.7064336599420025,-0.9453770999743523,0.9453770999743515,-1.1368683772161603e-13,1.0658141036401503e-13,-4.118964083005272e-09,2.989361436340447e-07,1614.0,fresh_parameter_continuation,50.8017457825634
0.9564315078030912,ok,recomputed_BVP,1.15,0.2,AA,finite_current,True,-0.29806634306864505,1.5882261549871528,0.29806634306864505,-1.5882261549871528,1.8862924980557978,1.8862924980557978,-0.29806634306864505,0.3592261549871527,0.9564315078030912,1.8609145914407157,0.9014840170432527,0.9014840170432527,0.0029990670302615656,1.1552120108495785,1.3552120108495784,0.8633036353201117,0.2919083755294668,0.49190837552946676,0.19999999999999996,0.8571456677809335,2.9434381658367315,2.705973996098388,-0.9564315078050335,0.9564315078031047,-1.942268568200234e-11,1.3500311979441904e-13,-4.3588961919083236e-09,2.9878622270739803e-07,1620.0,fresh_parameter_continuation,51.39577668970956
0.969068970479903,ok,recomputed_BVP,1.15,0.3,AA,finite_current,True,-0.2986364112996547,1.588454187508569,0.2986364112996547,-1.588454187508569,1.8870905988082236,1.8870905988082236,-0.2986364112996547,0.35945418750856883,0.969068970479903,1.8609145914407157,0.8889891198003752,0.8889891198003752,0.0028565016063208143,1.1052120108495784,1.4052120108495783,0.8133161752754177,0.29189583557416077,0.5918958355741606,0.2999999999999998,0.8065755995499237,2.993666198358147,2.70509876575515,-0.9690689704797302,0.9690689704799045,1.7283952047364437e-12,1.4210854715202004e-14,-4.458833396253636e-09,2.983027279635475e-07,1659.0,fresh_parameter_continuation,52.07487624295815
